{
  "main.py": 1776226240.9503381,
  "practice\\step1_basic_graph.py": 1776227652.4509106,
  "practice\\step2_conditional_routing.py": 1776227696.5695517,
  "practice\\step3_full_multiagent.py": 1776227775.020834,
  "src\\config.py": 1776227455.4696016,
  "src\\graph.py": 1776227016.6071477,
  "src\\ingestion.py": 1776226240.9605987,
  "src\\models.py": 1776226240.963611,
  "src\\nodes.py": 1776227014.5781097,
  "src\\tools.py": 1776226240.9673696,
  "src\\vectorstore.py": 1776226240.9704192,
  "src\\__init__.py": 1776226240.9538379,
  "agents.md": 1776215789.0497825,
  "PORTFOLIO_CHECKLIST.md": 1776215789.047783,
  "README.md": 1776215789.048818,
  "archives\\DONE_\ud3ec\ud2b8\ud3f4\ub9ac\uc624_\uac00\uc774\ub4dc.md": 1776215789.0507965,
  "docs\\CODE_ANALYSIS.md": 1776226240.9389634,
  "docs\\DEPLOYMENT_GUIDE.md": 1776215789.0517962,
  "docs\\DEV_LOG.md": 1776226240.9425454,
  "docs\\IMPLEMENTATION_PLAN.md": 1776226240.9445827,
  "docs\\MULTI_AGENT_PROPOSAL.md": 1776226240.9478028,
  "practice\\README.md": 1776227807.016385
}